loss,acc
18.6074716091156,0.08387096774193549
