loss,acc
12.033922910690308,0.26666666666666666
