loss,acc
12.208821725845336,0.04516129032258064
