loss,acc
21.309326648712158,0.18333333333333332
