loss,acc
11.666838937335545,0.15714285714285714
