loss,acc
16.435485076904296,0.22727272727272727
