loss,acc
7.2082020998001095,0.24242424242424243
