loss,acc
9.488781253496805,0.1357142857142857
