loss,acc
8.366905927658081,0.21212121212121213
