loss,acc
14.583065032958984,0.21428571428571427
