loss,acc
15.026586103439332,0.22727272727272727
