loss,acc
11.678796317842272,0.15714285714285714
