loss,acc
18.736760091781616,0.0967741935483871
