train_loss1,val_loss1,val_acc1,train_loss2,val_loss2,val_acc2,train_loss3,val_loss3,val_acc3,train_loss4,val_loss4,val_acc4,train_loss5,val_loss5,val_acc5
1.7905787229537964,1.8468804359436035,0.09090909090909091,1.8309022188186646,1.8038068413734436,0.13636363636363635,1.7714921236038208,1.7645027041435242,0.18181818181818182,1.8094829320907593,1.7937366962432861,0.14285714285714285,1.7873525619506836,1.8170980215072632,0.047619047619047616
1.7740399837493896,1.8639243841171265,0.13636363636363635,1.8378217220306396,1.8167532682418823,0.13636363636363635,1.821384310722351,1.7933849692344666,0.18181818181818182,1.7807403802871704,1.802844524383545,0.14285714285714285,1.8165969848632812,1.8115082383155823,0.047619047619047616
1.8530933856964111,1.8189006447792053,0.3181818181818182,1.8099309206008911,1.8049925565719604,0.2727272727272727,1.7903244495391846,1.7839017510414124,0.18181818181818182,1.8078019618988037,1.816297471523285,0.14285714285714285,1.7929288148880005,1.7794901132583618,0.19047619047619047
1.8506048917770386,1.826285719871521,0.3181818181818182,1.7773220539093018,1.804408073425293,0.13636363636363635,1.783997654914856,1.7940282821655273,0.18181818181818182,1.8309980630874634,1.7755024433135986,0.14285714285714285,1.8101186752319336,1.8154762387275696,0.19047619047619047
1.7480872869491577,1.800730049610138,0.09090909090909091,1.7773594856262207,1.8154823184013367,0.13636363636363635,1.7899937629699707,1.7945523858070374,0.18181818181818182,1.8209843635559082,1.7858774662017822,0.14285714285714285,1.7667415142059326,1.8117802143096924,0.19047619047619047
1.764634609222412,1.849198818206787,0.13636363636363635,1.8034747838974,1.8239543437957764,0.13636363636363635,1.7825727462768555,1.7873576879501343,0.18181818181818182,1.7962597608566284,1.7788787484169006,0.14285714285714285,1.7776782512664795,1.8404704332351685,0.047619047619047616
