train_loss_1,val_loss_1,val_acc_1
2.648015260696411,2.629097655415535,0.04
2.58248233795166,2.6172940135002136,0.184
2.5513789653778076,2.5906118601560593,0.184
