loss,acc
14.58994665145874,0.19696969696969696
