loss,acc
7.18960616323683,0.17142857142857143
