loss,acc
9.427560901641845,0.24242424242424243
