loss,acc
6.486673557758332,0.16129032258064516
