loss,acc
7.25095796585083,0.07857142857142857
