loss,acc
15.743260717391967,0.05161290322580645
