loss,acc
11.542851448059082,0.18333333333333332
