loss,acc
20.913887214660644,0.07741935483870968
