train_loss_1,val_loss_1,val_acc_1,train_loss_2,val_loss_2,val_acc_2,train_loss_3,val_loss_3,val_acc_3,train_loss_4,val_loss_4,val_acc_4,train_loss_5,val_loss_5,val_acc_5
1.787537932395935,1.7926454544067383,0.16666666666666666,1.787851333618164,1.793044924736023,0.16666666666666666,1.7880780696868896,1.7928427457809448,0.16666666666666666,1.7806737422943115,1.7926106452941895,0.16666666666666666,1.8012930154800415,1.792161464691162,0.16666666666666666
1.3874773979187012,1.5534201860427856,0.3333333333333333,1.4399783611297607,1.127597451210022,0.5,1.2062143087387085,0.9537308812141418,0.6666666666666666,0.8708081245422363,1.4345024824142456,0.5,1.1642292737960815,1.3958300352096558,0.5
0.6060739755630493,1.0607668161392212,0.5833333333333334,0.6052943468093872,0.8557636141777039,0.6666666666666666,0.3711498975753784,0.8623762726783752,0.6666666666666666,0.2859302759170532,1.086826205253601,0.8333333333333334,0.6066697835922241,1.3582006692886353,0.6666666666666666
0.18736980855464935,0.9500348567962646,0.5833333333333334,0.1779823750257492,0.7954975962638855,0.8333333333333334,0.43458160758018494,0.9960944056510925,0.5833333333333334,0.5346682071685791,1.0198659896850586,0.5833333333333334,0.3753708004951477,1.0331836938858032,0.8333333333333334
0.14133292436599731,1.0441590547561646,0.75,0.1388070285320282,0.7051110863685608,0.5833333333333334,0.10617463290691376,0.7329542636871338,0.75,0.23581035435199738,1.529300332069397,0.5833333333333334,0.25212448835372925,1.0419310331344604,0.8333333333333334
0.17579200863838196,0.7401957511901855,0.75,0.36092430353164673,1.2152949571609497,0.75,0.27990010380744934,0.8198013305664062,0.75,0.14097724854946136,0.8029818534851074,0.75,0.07940158993005753,1.025168776512146,0.8333333333333334
0.3064267635345459,1.1522583961486816,0.6666666666666666,0.07437268644571304,0.7109582424163818,0.75,0.11114607751369476,1.2274609804153442,0.75,0.07724637538194656,1.115219235420227,0.6666666666666666,0.23990635573863983,0.9660983681678772,0.8333333333333334
0.21583643555641174,0.9607477188110352,0.6666666666666666,0.053384408354759216,0.8849266171455383,0.75,0.04552817717194557,1.731482982635498,0.75,0.12568625807762146,1.1367522478103638,0.75,0.27620792388916016,0.9629929661750793,0.9166666666666666
